-- ============================================================
-- Black Falcon МЦ — Seed Test Data
-- Run AFTER 001_initial_schema.sql
-- ============================================================

BEGIN;

-- ============================================================
-- USERS
-- ============================================================

INSERT INTO users (id, email, password_hash, name, role) VALUES
-- admin
('00000000-0000-0000-0000-000000000001',
 'admin@blackfalcon.ua',
 -- bcrypt hash of 'Test1234!'
 '$2b$12$LQv3c1yqBWVHxkd0LHAkCOYz6TtxMQJqhN8/aBcDeFgHiJkLmNoPq',
 'Адмін Системи',
 'admin'),

-- leader
('00000000-0000-0000-0000-000000000002',
 'leader@blackfalcon.ua',
 '$2b$12$LQv3c1yqBWVHxkd0LHAkCOYz6TtxMQJqhN8/aBcDeFgHiJkLmNoPq',
 'Командир Підрозділу',
 'leader'),

-- managers (warehouse keepers)
('00000000-0000-0000-0000-000000000003',
 'warehouse1@blackfalcon.ua',
 '$2b$12$LQv3c1yqBWVHxkd0LHAkCOYz6TtxMQJqhN8/aBcDeFgHiJkLmNoPq',
 'Комірник Склад №1',
 'manager'),

('00000000-0000-0000-0000-000000000004',
 'warehouse2@blackfalcon.ua',
 '$2b$12$LQv3c1yqBWVHxkd0LHAkCOYz6TtxMQJqhN8/aBcDeFgHiJkLmNoPq',
 'Комірник Склад №2',
 'manager');

-- ============================================================
-- DONORS
-- ============================================================

INSERT INTO donors (id, name, contact_info, notes) VALUES
('10000000-0000-0000-0000-000000000001',
 'Фонд "Повернись живим"',
 '{"email": "info@savelife.in.ua", "phone": "+380441234567"}',
 'Основний волонтерський партнер'),

('10000000-0000-0000-0000-000000000002',
 'Держава Україна',
 '{"department": "Міністерство оборони"}',
 'Державне забезпечення'),

('10000000-0000-0000-0000-000000000003',
 'United24',
 '{"website": "u24.gov.ua", "email": "support@u24.gov.ua"}',
 'Міжнародна волонтерська допомога');

-- ============================================================
-- ITEM GROUPS (per warehouse manager, 4-level hierarchy)
-- Warehouse 1 groups
-- ============================================================

INSERT INTO item_groups (id, user_id, parent_id, name, level) VALUES
-- Level 1 roots
('20000000-0000-0000-0000-000000000001',
 '00000000-0000-0000-0000-000000000003', NULL, 'Спорядження', 1),
('20000000-0000-0000-0000-000000000002',
 '00000000-0000-0000-0000-000000000003', NULL, 'Зброя та боєприпаси', 1),
('20000000-0000-0000-0000-000000000003',
 '00000000-0000-0000-0000-000000000003', NULL, 'Медичне', 1),

-- Level 2
('20000000-0000-0000-0000-000000000010',
 '00000000-0000-0000-0000-000000000003',
 '20000000-0000-0000-0000-000000000001', 'Індивідуальний захист', 2),
('20000000-0000-0000-0000-000000000011',
 '00000000-0000-0000-0000-000000000003',
 '20000000-0000-0000-0000-000000000001', 'Одяг та взуття', 2),
('20000000-0000-0000-0000-000000000012',
 '00000000-0000-0000-0000-000000000003',
 '20000000-0000-0000-0000-000000000003', 'Аптечки', 2),

-- Level 3
('20000000-0000-0000-0000-000000000020',
 '00000000-0000-0000-0000-000000000003',
 '20000000-0000-0000-0000-000000000010', 'Бронежилети', 3),
('20000000-0000-0000-0000-000000000021',
 '00000000-0000-0000-0000-000000000003',
 '20000000-0000-0000-0000-000000000010', 'Шоломи', 3),
('20000000-0000-0000-0000-000000000022',
 '00000000-0000-0000-0000-000000000003',
 '20000000-0000-0000-0000-000000000012', 'IFAK', 3),

-- Level 4 (leaf)
('20000000-0000-0000-0000-000000000030',
 '00000000-0000-0000-0000-000000000003',
 '20000000-0000-0000-0000-000000000020', 'Бронежилет 4 клас', 4),
('20000000-0000-0000-0000-000000000031',
 '00000000-0000-0000-0000-000000000003',
 '20000000-0000-0000-0000-000000000021', 'Шолом FAST', 4);

-- ============================================================
-- ITEMS (Warehouse 1 inventory)
-- ============================================================

INSERT INTO items (id, user_id, group_id, donor_id, name, status, quantity, unit, serial_number, metadata) VALUES
('30000000-0000-0000-0000-000000000001',
 '00000000-0000-0000-0000-000000000003',
 '20000000-0000-0000-0000-000000000030',
 '10000000-0000-0000-0000-000000000001',
 'Бронежилет 4 клас «Корсар»', 'volunteer', 5, 'шт', 'BJ-2024-001',
 '{"color": "multicam", "size": "XL", "weight_kg": 8.5}'),

('30000000-0000-0000-0000-000000000002',
 '00000000-0000-0000-0000-000000000003',
 '20000000-0000-0000-0000-000000000031',
 '10000000-0000-0000-0000-000000000001',
 'Шолом FAST Carbon', 'volunteer', 10, 'шт', NULL,
 '{"color": "olive", "size": "M/L"}'),

('30000000-0000-0000-0000-000000000003',
 '00000000-0000-0000-0000-000000000003',
 '20000000-0000-0000-0000-000000000022',
 '10000000-0000-0000-0000-000000000001',
 'Аптечка IFAK NAR', 'volunteer', 25, 'шт', NULL,
 '{"contents": ["tourniquet", "hemostatic", "bandage", "needle decompression"]}'),

('30000000-0000-0000-0000-000000000004',
 '00000000-0000-0000-0000-000000000003',
 '20000000-0000-0000-0000-000000000011',
 '10000000-0000-0000-0000-000000000002',
 'Берці зимові', 'government', 8, 'пар', NULL,
 '{"size_range": "40-45", "season": "winter"}'),

-- Warehouse 2 items
('30000000-0000-0000-0000-000000000010',
 '00000000-0000-0000-0000-000000000004',
 NULL,
 '10000000-0000-0000-0000-000000000003',
 'Рація Motorola R7', 'volunteer', 3, 'шт', 'RAD-007',
 '{"frequency": "VHF/UHF", "battery": "Li-Ion"}');

-- ============================================================
-- OPERATIONS
-- ============================================================

-- Receipt: Warehouse 1 received body armor from donor
INSERT INTO operations
    (id, type, status, item_id, from_user_id, to_user_id, performed_by, quantity, notes, document_ref)
VALUES
('40000000-0000-0000-0000-000000000001',
 'receipt', 'confirmed',
 '30000000-0000-0000-0000-000000000001',
 NULL,
 '00000000-0000-0000-0000-000000000003',
 '00000000-0000-0000-0000-000000000003',
 5, 'Надходження від фонду "Повернись живим"', 'ACT-2024-001');

-- Transfer: Warehouse 1 → Warehouse 2 (2 helmets)
INSERT INTO operations
    (id, type, status, item_id, from_user_id, to_user_id, performed_by, quantity, notes, document_ref)
VALUES
('40000000-0000-0000-0000-000000000002',
 'transfer', 'confirmed',
 '30000000-0000-0000-0000-000000000002',
 '00000000-0000-0000-0000-000000000003',
 '00000000-0000-0000-0000-000000000004',
 '00000000-0000-0000-0000-000000000002',
 2, 'Передача 2 шоломів на Склад №2', 'ACT-2024-002');

-- Write-off: 1 damaged IFAK
INSERT INTO operations
    (id, type, status, item_id, from_user_id, to_user_id, performed_by, quantity, notes, document_ref)
VALUES
('40000000-0000-0000-0000-000000000003',
 'write_off', 'confirmed',
 '30000000-0000-0000-0000-000000000003',
 '00000000-0000-0000-0000-000000000003',
 NULL,
 '00000000-0000-0000-0000-000000000003',
 1, 'Списання: пошкоджена аптечка', 'ACT-2024-003');

-- ============================================================
-- KIT TEMPLATES
-- ============================================================

INSERT INTO kit_templates (id, created_by, name, description) VALUES
('50000000-0000-0000-0000-000000000001',
 '00000000-0000-0000-0000-000000000002',
 'Базовий бойовий комплект',
 'Стандартний набір для піхотинця: захист + медицина'),

('50000000-0000-0000-0000-000000000002',
 '00000000-0000-0000-0000-000000000002',
 'Медичний комплект',
 'Розширений медичний набір для санітара');

INSERT INTO kit_template_items (template_id, item_name, quantity, unit, notes) VALUES
('50000000-0000-0000-0000-000000000001', 'Бронежилет',   1, 'шт', NULL),
('50000000-0000-0000-0000-000000000001', 'Шолом',        1, 'шт', NULL),
('50000000-0000-0000-0000-000000000001', 'Аптечка IFAK', 1, 'шт', NULL),
('50000000-0000-0000-0000-000000000002', 'Аптечка IFAK', 3, 'шт', 'Розширений склад'),
('50000000-0000-0000-0000-000000000002', 'Джгут CAT',    2, 'шт', NULL);

-- ============================================================
-- KITS
-- ============================================================

INSERT INTO kits (id, user_id, template_id, name, status, issued_to, issued_at) VALUES
('60000000-0000-0000-0000-000000000001',
 '00000000-0000-0000-0000-000000000003',
 '50000000-0000-0000-0000-000000000001',
 'Комплект Іванов І.І. #1',
 'issued',
 'Іванов Іван Іванович',
 NOW() - INTERVAL '7 days'),

('60000000-0000-0000-0000-000000000002',
 '00000000-0000-0000-0000-000000000003',
 NULL,
 'Тестовий комплект (чернетка)',
 'draft',
 NULL, NULL);

INSERT INTO kit_items (kit_id, item_id, quantity) VALUES
('60000000-0000-0000-0000-000000000001', '30000000-0000-0000-0000-000000000001', 1),
('60000000-0000-0000-0000-000000000001', '30000000-0000-0000-0000-000000000002', 1),
('60000000-0000-0000-0000-000000000001', '30000000-0000-0000-0000-000000000003', 1);

-- ============================================================
-- SYNC QUEUE (simulate a pending mobile client entry)
-- ============================================================

INSERT INTO sync_queue
    (id, user_id, entity_type, entity_id, operation, payload, client_version, status)
VALUES
('70000000-0000-0000-0000-000000000001',
 '00000000-0000-0000-0000-000000000003',
 'item',
 '30000000-0000-0000-0000-000000000004',
 'update',
 '{"quantity": 6, "notes": "Отримали ще 2 пари берців"}',
 2,
 'pending');

COMMIT;
